break_year,theme_mix_shift,era_after_break
2009,0.11945067509181687,2009-2013
2014,0.12622403395111056,2014-2018
2019,0.19381503046791596,2019-2021
